Match,FodboldTravel.dk,FodboldTravel.dk nætter,Fodboldpakker.dk,Fodboldpakker.dk nætter,Football Travel,Football Travel nætter,La Travel,La Travel nætter,Olka Express,Olka Express nætter
Arsenal – Wolverhampton,8577,1,,,9095,2,8531,1,,
Arsenal – Crystal Palace,5443,1,,,5695,3,5084,1,5455,2
Arsenal – Brighton,11926,1,,,13095,3,11258,1,13195,2
Arsenal – Aston Villa,10298,1,,,10495,2,9199,1,10995,2
Arsenal – Liverpool,12977,1,,,10795,2,12278,1,11795,2
Arsenal – Man. United,11579,1,,,10095,2,11035,1,11235,2
Arsenal – Kairat,5561,1,,,4895,2,5121,1,5335,2
Arsenal – Sunderland,8676,2,,,8495,3,8229,2,7845,2
Arsenal – Chelsea,11681,2,,,10595,3,11131,2,10695,2
Arsenal – Everton,9387,2,,,8395,3,8368,2,9165,2
Arsenal – Bournemouth,9632,2,,,9095,3,8877,2,9105,2
Arsenal – Newcastle,10624,2,,,,,9913,2,,
Arsenal – Fulham,11621,2,,,11595,3,10442,2,11105,2
Arsenal – Burnley,27568,2,,,,,18427,2,,
Aston Villa – Man. United,6192,1,,,6195,2,5516,1,4855,2
Aston Villa – Nottingham F.,4708,1,,,4595,2,4526,1,4515,2
Aston Villa – Everton,5011,1,,,3395,2,4044,1,3955,2
Aston Villa – Salzburg,4750,1,,,3595,2,4714,1,3735,2
Aston Villa – Brentford,5209,1,,,3595,2,3974,1,3975,2
Aston Villa – Brighton,5660,3,,,4295,3,5470,3,3145,2
Aston Villa – Leeds,4340,2,,,3895,3,4236,2,3995,2
Aston Villa – Chelsea,5647,3,,,4095,3,5522,3,3685,2
Aston Villa – West Ham,,,,,,,,,3465,2
Aston Villa – Sunderland,4438,2,,,4295,3,4280,2,4135,2
Aston Villa – Tottenham,4641,2,,,4395,3,4535,2,4265,2
Aston Villa – Liverpool,5069,2,,,,,5029,2,,
Brentford – Leeds,,,,,5395,2,,,4505,2
Brentford – Bournemouth,7136,1,,,7095,3,7292,1,6005,2
Brentford – Sunderland,5221,1,,,3795,2,5122,1,4275,2
Brentford – Nottingham F.,5532,1,,,4395,2,5173,1,4935,2
Brentford – Arsenal,,,,,7995,3,,,7505,2
Brentford – Brighton,5908,2,,,4895,3,5731,2,4785,2
Brentford – Wolverhampton,7063,2,,,5795,3,6649,2,4775,2
Brentford – Everton,6739,2,,,6495,3,6410,2,5835,2
Brentford – Fulham,6633,2,,,6195,3,6406,2,4865,2
Brentford – West Ham,7495,2,,,7295,3,7225,2,6065,2
Brentford – Crystal Palace,7459,2,,,,,7190,2,,
Burnley – Everton,,,,,7495,3,,,6735,2
Burnley – Newcastle,,,,,5095,2,,,6725,2
Burnley – Man. United,,,,,5795,2,,,6835,2
Burnley – Tottenham,,,,,4695,2,,,5545,2
Burnley – Brentford,,,,,3495,3,,,4335,2
Burnley – Bournemouth,,,,,3695,3,,,4835,2
Burnley – Brighton,,,,,3795,3,,,4685,2
Burnley – Man. City,,,,,,,,,6845,2
Burnley – Aston Villa,,,,,4395,3,,,5385,2
Burnley – Wolverhampton,,,,,4195,3,,,4835,2
Chelsea – Everton,6609,1,,,10395,2,6262,1,,
Chelsea – Aston Villa,8456,1,,,9395,3,7248,1,7985,2
Chelsea – Bournemouth,6849,1,,,6495,2,5982,1,6285,2
Chelsea – Brentford,4697,1,,,3895,2,4292,1,3685,2
Chelsea – Pafos,3722,1,,,3595,2,3268,1,3465,2
Chelsea – West Ham,4651,1,,,4195,2,4577,1,4355,2
Chelsea – Leeds,5873,3,,,4495,3,5524,3,4475,2
Chelsea – Burnley,5170,2,,,4395,3,5246,2,4005,2
Chelsea – Newcastle,6068,2,,,5295,3,5283,2,4665,2
Chelsea – Man. City,6929,2,,,7595,3,6366,2,5485,2
Chelsea – Man. United,6586,2,,,6895,3,6362,2,6215,2
Chelsea – Nottingham F.,6120,2,,,5995,3,5947,2,4785,2
Chelsea – Tottenham,6937,2,,,,,6706,2,,
Crystal Palace – Man. City,5200,1,,,5295,2,5117,1,5035,2
Crystal Palace – KuPS Kuopio,3818,1,,,,,3738,1,3435,2
Crystal Palace – Tottenham,6929,1,,,7695,3,6531,1,7425,2
Crystal Palace – Fulham,4417,1,,,4795,2,4011,1,4205,2
Crystal Palace – Aston Villa,3291,1,,,2195,2,3286,1,2785,2
Crystal Palace – Chelsea,4183,2,,,3195,2,4101,2,3855,2
Crystal Palace – Burnley,4259,3,,,2895,3,4193,3,3255,2
Crystal Palace – Wolverhampton,3694,2,,,2895,3,3630,2,2785,2
Crystal Palace – Leeds,4597,2,,,4195,3,4358,2,3845,2
Crystal Palace – Newcastle,4558,2,,,4295,3,4383,2,3905,2
Crystal Palace – West Ham,4129,2,,,3995,3,4056,2,3415,2
Crystal Palace – Everton,4210,2,,,3995,3,4137,2,3235,2
Crystal Palace – Arsenal,7648,2,,,7495,3,7367,2,8505,2
Everton – Arsenal,5537,1,3278,2,4795,2,5438,1,,
Everton – Brentford,,,3798,2,3295,2,3834,1,4595,2
Everton – Wolverhampton,3186,1,3197,2,2295,2,2918,1,3565,2
Everton – Leeds,3793,1,3704,2,2595,2,3726,1,3715,2
Everton – Bournemouth,3693,3,3788,4,2795,3,3842,3,3495,2
Everton – Man. United,5103,2,4482,3,4495,3,5161,2,4655,2
Everton – Burnley,3354,3,3599,4,2695,3,3251,3,3635,2
Everton – Chelsea,4662,2,4561,3,,,4604,2,,
Everton – Liverpool,,,6361,3,7295,3,,,7765,2
Everton – Man. City,6017,2,5300,3,5395,3,6379,2,5285,2
Everton – Sunderland,4930,2,4776,3,,,5035,2,,
Fulham – Nottingham F.,4262,1,,,3495,2,4271,1,3585,2
Fulham – Liverpool,5544,1,,,4295,2,4928,1,9035,2
Fulham – Chelsea,3301,1,,,2895,2,3297,1,3335,2
Fulham – Brighton,2816,1,,,2195,2,2717,1,3055,2
Fulham – Everton,3401,2,,,2795,3,3305,2,2845,2
Fulham – Tottenham,3865,2,,,3695,3,3802,2,3375,2
Fulham – West Ham,4003,3,,,3095,3,3928,3,2675,2
Fulham – Burnley,3471,2,,,,,3381,2,,
Fulham – Aston Villa,3829,2,,,,,3756,2,,
Fulham – Bournemouth,3619,2,,,3495,3,3546,2,2815,2
Fulham – Newcastle,4353,2,,,3995,3,4264,2,3795,2
Leeds – Crystal Palace,4687,1,,,4795,2,4564,1,,
Leeds – Man. United,,,7187,2,7495,2,,,8545,2
Leeds – Fulham,4866,1,5366,2,4895,2,4534,1,6395,2
Leeds – Arsenal,6683,1,5952,2,6195,2,6811,1,7605,2
Leeds – Nottingham F.,5762,2,6295,3,4895,3,6028,2,6045,2
Leeds – Man. City,6255,2,5497,3,5095,3,6072,2,5675,2
Leeds – Sunderland,4927,3,4461,2,3895,3,4873,3,4895,2
Leeds – Brentford,4862,2,5511,3,,,4744,2,,
Leeds – Wolverhampton,5276,2,5380,3,5895,3,5265,2,6655,2
Leeds – Burnley,6133,2,6549,3,4895,3,6083,2,5955,2
Leeds – Brighton,5879,2,6014,3,,,5794,2,,
Liverpool – Brighton,7914,1,3975,2,4795,2,6524,1,,
Liverpool – Wolverhampton,11402,1,8181,2,9195,3,7955,1,8365,2
Liverpool – Leeds,7342,1,4905,2,5995,2,6728,1,5775,2
Liverpool – Burnley,7460,1,6284,3,5395,2,6574,1,6375,2
Liverpool – Qarabag,6028,1,5484,2,3895,2,5438,1,5715,2
Liverpool – Newcastle,8096,1,7196,2,6595,2,8358,1,7865,2
Liverpool – Man. City,,,8585,3,9095,3,9363,2,9395,2
Liverpool – West Ham,7674,2,5942,3,7495,3,7425,2,7155,2
Liverpool – Tottenham,9928,2,8324,3,8695,3,9892,2,9635,2
Liverpool – Fulham,9767,2,9476,3,7695,3,9660,2,9895,2
Liverpool – Crystal Palace,8976,2,7551,3,,,8751,2,,
Liverpool – Chelsea,11795,2,8513,3,9395,3,11457,2,9505,2
Liverpool – Brentford,13223,2,9895,3,7795,3,12815,2,8585,2
Man. City – Brentford,4278,1,4111,2,2995,3,2997,1,3445,2
Man. City – West Ham,5705,1,4520,3,3895,2,4373,1,,
Man. City – Chelsea,8726,1,5459,2,4995,2,,,6185,2
Man. City – Brighton,3956,1,3810,2,2195,2,3959,1,3525,2
Man. City – Wolverhampton,4293,1,3516,2,3095,2,3016,1,3695,2
Man. City – Galatasaray,,,6169,2,5895,2,,,,
Man. City – Fulham,4337,3,3410,2,2795,3,3217,3,3415,2
Man. City – Newcastle,,,4644,3,4095,3,3972,2,3935,2
Man. City – Nottingham F.,3527,3,3044,2,2695,3,3410,3,3515,2
Man. City – Crystal Palace,4289,2,5370,3,,,4062,2,,
Man. City – Arsenal,7008,2,8119,3,6795,3,6451,2,7645,2
Man. City – Aston Villa,6022,2,5786,2,5295,3,5939,2,5145,2
Man. United – Bournemouth,5073,1,5009,2,3495,2,4624,1,4945,2
Man. United – Newcastle,8313,1,6728,2,6695,3,,,6245,2
Man. United – Wolverhampton,5356,1,5677,4,4495,2,5344,1,5825,2
Man. United – Man. City,,,7279,2,5395,2,5828,1,5965,2
Man. United – Fulham,5719,1,5121,2,3995,2,4447,1,4845,2
Man. United – Tottenham,,,5099,3,4295,3,4996,2,5045,2
Man. United – Crystal Palace,4193,2,9608,3,4195,3,4131,2,4275,2
Man. United – Aston Villa,5385,2,5664,3,4495,3,5288,2,4725,2
Man. United – Leeds,6026,2,6810,3,4995,3,6039,2,5385,2
Man. United – Brentford,5200,2,6109,3,,,5176,2,,
Man. United – Liverpool,8045,2,7460,3,6095,3,8112,2,7365,2
Man. United – Nottingham F.,5405,2,5226,3,,,5356,2,,
Millwall – Hull,3924,1,,,4995,2,4574,1,,
Millwall – Ipswich,4429,1,,,3995,2,4380,1,3935,2
Millwall – Bristol,4218,1,,,3395,2,3932,1,3665,2
Millwall – Swansea,3296,1,,,2595,2,3211,1,3355,2
Millwall – Charlton Athletic,2816,1,,,2095,2,2993,1,2935,2
Millwall – Sheffield United,2733,1,,,2295,3,2673,1,2625,2
Millwall – Portsmouth,3382,2,,,2395,3,3319,2,2525,2
Millwall – Birmingham City,3997,3,,,2295,3,3870,3,2435,2
Millwall – Derby,3981,3,,,2595,3,3797,3,2545,2
Millwall – Blackburn,3345,2,,,2895,3,3126,2,2685,2
Millwall – Norwich,4174,3,,,3095,3,4097,3,2495,2
Millwall – QPR,3538,2,,,3395,3,3465,2,2905,2
Millwall – Oxford,3878,2,,,3595,3,3800,2,2915,2
Newcastle – Fulham,,,4217,2,,,,,,
Newcastle – Chelsea,,,4394,2,,,,,,
Newcastle – Crystal Palace,,,4050,2,,,,,,
Newcastle – Leeds,,,3634,2,,,,,,
Newcastle – PSV,,,5197,2,,,,,,
Newcastle – Aston Villa,,,5658,2,,,,,,
Newcastle – Brentford,,,4326,3,,,,,,
Newcastle – Everton,,,4593,3,,,,,,
Newcastle – Man. United,,,6316,2,,,,,,
Newcastle – Sunderland,,,5872,3,,,,,,
Newcastle – Bournemouth,,,5061,3,,,,,,
Newcastle – Brighton,,,5430,3,,,,,,
Newcastle – West Ham,,,5675,3,,,,,,
QPR – Leicester,5130,1,,,4795,2,5410,1,,
QPR – Norwich,3772,1,,,3895,2,3366,1,3485,2
QPR – Sheffield Wednesday,,,,,2795,2,3509,1,3595,2
QPR – Wrexham,3537,2,,,2495,2,3508,2,3165,2
QPR – Coventry,3078,2,,,2495,3,3239,2,2685,2
QPR – Blackburn,3334,2,,,2795,3,3313,2,2925,2
QPR – Sheffield United,3274,2,,,2795,3,3211,2,2675,2
QPR – Middlesbrough,3246,2,,,3095,3,3163,2,2805,2
QPR – Portsmouth,3525,2,,,2995,3,3435,2,2875,2
QPR – Watford,4700,2,,,3695,3,4588,2,3305,2
QPR – Bristol,3644,2,,,3195,3,3469,2,2935,2
QPR – Swansea,4087,3,,,3195,3,3813,3,2685,2
QPR – Derby,3829,2,,,3395,3,3756,2,2915,2
Tottenham – Liverpool,7563,1,,,6295,2,7324,1,,
Tottenham – Sunderland,4443,1,,,3295,2,3802,1,3985,2
Tottenham – West Ham,3856,1,,,2695,2,3352,1,3385,2
Tottenham – Dortmund,4541,1,,,2995,2,4090,1,3335,2
Tottenham – Man. City,4276,1,,,2795,1,3978,1,3855,2
Tottenham – Newcastle,4548,3,,,2895,3,4266,3,3515,2
Tottenham – Arsenal,6071,2,,,4595,3,5775,2,5225,2
Tottenham – Crystal Palace,4187,3,,,3395,3,4101,3,2915,2
Tottenham – Nottingham F.,4170,2,,,,,3757,2,3155,2
Tottenham – Brighton,4129,2,,,3995,3,4056,2,3435,2
Tottenham – Leeds,4858,2,,,3795,3,4042,2,3315,2
Tottenham – Everton,4992,2,,,3995,3,4900,2,3965,2
West Ham – Aston Villa,3717,1,,,3695,2,3675,1,3755,2
West Ham – Fulham,3737,1,,,6195,3,3872,1,5325,2
West Ham – Brighton,4670,1,,,4295,2,3961,1,4275,2
West Ham – Nottingham F.,2713,1,,,1695,2,2570,1,2745,2
West Ham – Sunderland,2708,1,,,2195,2,2502,1,3005,2
West Ham – Man. United,4055,3,,,2795,3,3989,3,3275,2
West Ham – Bournemouth,3220,2,,,2395,3,3157,2,2495,2
West Ham – Man. City,4205,2,,,3795,3,3986,2,3595,2
West Ham – Wolverhampton,3536,2,,,3095,3,3253,2,2865,2
West Ham – Everton,3829,2,,,,,3756,2,,
West Ham – Arsenal,5197,2,,,4995,3,5077,2,4145,2
West Ham – Leeds,3977,2,,,3695,3,3888,2,3505,2
