Match,Football Travel,FodboldTravel.dk,Fodboldpakker.dk,La Travel,Olka Express
Arsenal – Wolverhampton,9095.0,,,,
Arsenal – Crystal Palace,5695.0,,,,
Arsenal – Brighton,13095.0,,,,
Arsenal – Aston Villa,10495.0,,,,10995.0
Arsenal – Liverpool,10795.0,,,,11795.0
Arsenal – Man. United,10095.0,,,,11235.0
Arsenal – Kairat,4895.0,,,,5335.0
Arsenal – Sunderland,8495.0,,,,
Arsenal – Chelsea,10595.0,,,,
Arsenal – Everton,8395.0,,,,
Arsenal – Bournemouth,9095.0,,,,
Arsenal – Newcastle,,,,,
Arsenal – Fulham,11595.0,,,,
Arsenal – Burnley,,,,,
Aston Villa – Man. United,6195.0,,,,4855.0
Aston Villa – Nottingham F.,4595.0,,,,4515.0
Aston Villa – Everton,3395.0,,,,3955.0
Aston Villa – Salzburg,3595.0,,,,3735.0
Aston Villa – Brentford,3595.0,,,,3975.0
Aston Villa – Brighton,4295.0,5660.0,,5470.0,
Aston Villa – Leeds,3895.0,,,,
Aston Villa – Chelsea,4095.0,5647.0,,5522.0,
Aston Villa – West Ham,,,,,
Aston Villa – Sunderland,4295.0,,,,
Aston Villa – Tottenham,4395.0,,,,
Aston Villa – Liverpool,,,,,
Brentford – Leeds,5395.0,,,,4505.0
Brentford – Bournemouth,7095.0,,,,
Brentford – Sunderland,3795.0,,,,4275.0
Brentford – Nottingham F.,4395.0,,,,4935.0
Brentford – Arsenal,7995.0,,,,
Brentford – Brighton,4895.0,,,,
Brentford – Wolverhampton,5795.0,,,,
Brentford – Everton,6495.0,,,,
Brentford – Fulham,6195.0,,,,
Brentford – West Ham,7295.0,,,,
Brentford – Crystal Palace,,,,,
Burnley – Everton,7495.0,,,,
Burnley – Newcastle,5095.0,,,,6725.0
Burnley – Man. United,5795.0,,,,6835.0
Burnley – Tottenham,4695.0,,,,5545.0
Burnley – Brentford,3495.0,,,,
Burnley – Bournemouth,3695.0,,,,
Burnley – Brighton,3795.0,,,,
Burnley – Man. City,,,,,
Burnley – Aston Villa,4395.0,,,,
Burnley – Wolverhampton,4195.0,,,,
Chelsea – Everton,10395.0,,,,
Chelsea – Aston Villa,9395.0,,,,
Chelsea – Bournemouth,6495.0,,,,6285.0
Chelsea – Brentford,3895.0,,,,3685.0
Chelsea – Pafos,3595.0,,,,3465.0
Chelsea – West Ham,4195.0,,,,4355.0
Chelsea – Leeds,4495.0,5873.0,,5524.0,
Chelsea – Burnley,4395.0,,,,
Chelsea – Newcastle,5295.0,,,,
Chelsea – Man. City,7595.0,,,,
Chelsea – Man. United,6895.0,,,,
Chelsea – Nottingham F.,5995.0,,,,
Chelsea – Tottenham,,,,,
Crystal Palace – Man. City,5295.0,,,,5035.0
Crystal Palace – KuPS Kuopio,,,,,
Crystal Palace – Tottenham,7695.0,,,,
Crystal Palace – Fulham,4795.0,,,,4205.0
Crystal Palace – Aston Villa,2195.0,,,,2785.0
Crystal Palace – Chelsea,3195.0,4183.0,,4101.0,3855.0
Crystal Palace – Burnley,2895.0,4259.0,,4193.0,
Crystal Palace – Wolverhampton,2895.0,,,,
Crystal Palace – Leeds,4195.0,,,,
Crystal Palace – Newcastle,4295.0,,,,
Crystal Palace – West Ham,3995.0,,,,
Crystal Palace – Everton,3995.0,,,,
Crystal Palace – Arsenal,7495.0,,,,
Everton – Arsenal,4795.0,,3278.0,,
Everton – Brentford,3295.0,,3798.0,,4595.0
Everton – Wolverhampton,2295.0,,3197.0,,3565.0
Everton – Leeds,2595.0,,3704.0,,3715.0
Everton – Bournemouth,2795.0,3693.0,,3842.0,
Everton – Man. United,4495.0,,4482.0,,
Everton – Burnley,2695.0,3354.0,,3251.0,
Everton – Chelsea,,,,,
Everton – Liverpool,7295.0,,6361.0,,
Everton – Man. City,5395.0,,5300.0,,
Everton – Sunderland,,,,,
Fulham – Nottingham F.,3495.0,,,,3585.0
Fulham – Liverpool,4295.0,,,,9035.0
Fulham – Chelsea,2895.0,,,,3335.0
Fulham – Brighton,2195.0,,,,3055.0
Fulham – Everton,2795.0,,,,
Fulham – Tottenham,3695.0,,,,
Fulham – West Ham,3095.0,4003.0,,3928.0,
Fulham – Burnley,,,,,
Fulham – Aston Villa,,,,,
Fulham – Bournemouth,3495.0,,,,
Fulham – Newcastle,3995.0,,,,
Leeds – Crystal Palace,4795.0,,,,
Leeds – Man. United,7495.0,,7187.0,,8545.0
Leeds – Fulham,4895.0,,5366.0,,6395.0
Leeds – Arsenal,6195.0,,5952.0,,7605.0
Leeds – Nottingham F.,4895.0,,6295.0,,
Leeds – Man. City,5095.0,,5497.0,,
Leeds – Sunderland,3895.0,4927.0,,4873.0,
Leeds – Brentford,,,,,
Leeds – Wolverhampton,5895.0,,5380.0,,
Leeds – Burnley,4895.0,,6549.0,,
Leeds – Brighton,,,,,
Liverpool – Brighton,4795.0,,3975.0,,
Liverpool – Wolverhampton,9195.0,,,,
Liverpool – Leeds,5995.0,,4905.0,,5775.0
Liverpool – Burnley,5395.0,,,,6375.0
Liverpool – Qarabag,3895.0,,5484.0,,5715.0
Liverpool – Newcastle,6595.0,,7196.0,,7865.0
Liverpool – Man. City,9095.0,,8585.0,,
Liverpool – West Ham,7495.0,,5942.0,,
Liverpool – Tottenham,8695.0,,8324.0,,
Liverpool – Fulham,7695.0,,9476.0,,
Liverpool – Crystal Palace,,,,,
Liverpool – Chelsea,9395.0,,8513.0,,
Liverpool – Brentford,7795.0,,9895.0,,
Man. City – Brentford,2995.0,,,,
Man. City – West Ham,3895.0,,,,
Man. City – Chelsea,4995.0,,5459.0,,6185.0
Man. City – Brighton,2195.0,,3810.0,,3525.0
Man. City – Wolverhampton,3095.0,,3516.0,,3695.0
Man. City – Galatasaray,5895.0,,6169.0,,
Man. City – Fulham,2795.0,4337.0,,3217.0,
Man. City – Newcastle,4095.0,,4644.0,,
Man. City – Nottingham F.,2695.0,3527.0,,3410.0,
Man. City – Crystal Palace,,,,,
Man. City – Arsenal,6795.0,,8119.0,,
Man. City – Aston Villa,5295.0,,,,
Man. United – Bournemouth,3495.0,,5009.0,,4945.0
Man. United – Newcastle,6695.0,,,,
Man. United – Wolverhampton,4495.0,,,,5825.0
Man. United – Man. City,5395.0,,7279.0,,5965.0
Man. United – Fulham,3995.0,,5121.0,,4845.0
Man. United – Tottenham,4295.0,,5099.0,,
Man. United – Crystal Palace,4195.0,,9608.0,,
Man. United – Aston Villa,4495.0,,5664.0,,
Man. United – Leeds,4995.0,,6810.0,,
Man. United – Brentford,,,,,
Man. United – Liverpool,6095.0,,7460.0,,
Man. United – Nottingham F.,,,,,
Millwall – Hull,4995.0,,,,
Millwall – Ipswich,3995.0,,,,3935.0
Millwall – Bristol,3395.0,,,,3665.0
Millwall – Swansea,2595.0,,,,3355.0
Millwall – Charlton Athletic,2095.0,,,,2935.0
Millwall – Sheffield United,2295.0,,,,
Millwall – Portsmouth,2395.0,,,,
Millwall – Birmingham City,2295.0,3997.0,,3870.0,
Millwall – Derby,2595.0,3981.0,,3797.0,
Millwall – Blackburn,2895.0,,,,
Millwall – Norwich,3095.0,4174.0,,4097.0,
Millwall – QPR,3395.0,,,,
Millwall – Oxford,3595.0,,,,
Newcastle – Fulham,,,,,
Newcastle – Chelsea,,,,,
Newcastle – Crystal Palace,,,,,
Newcastle – Leeds,,,,,
Newcastle – PSV,,,,,
Newcastle – Aston Villa,,,,,
Newcastle – Brentford,,,,,
Newcastle – Everton,,,,,
Newcastle – Man. United,,,,,
Newcastle – Sunderland,,,,,
Newcastle – Bournemouth,,,,,
Newcastle – Brighton,,,,,
Newcastle – West Ham,,,,,
QPR – Leicester,4795.0,,,,
QPR – Norwich,3895.0,,,,3485.0
QPR – Sheffield Wednesday,2795.0,,,,3595.0
QPR – Wrexham,2495.0,3537.0,,3508.0,3165.0
QPR – Coventry,2495.0,,,,
QPR – Blackburn,2795.0,,,,
QPR – Sheffield United,2795.0,,,,
QPR – Middlesbrough,3095.0,,,,
QPR – Portsmouth,2995.0,,,,
QPR – Watford,3695.0,,,,
QPR – Bristol,3195.0,,,,
QPR – Swansea,3195.0,4087.0,,3813.0,
QPR – Derby,3395.0,,,,
Tottenham – Liverpool,6295.0,,,,
Tottenham – Sunderland,3295.0,,,,3985.0
Tottenham – West Ham,2695.0,,,,3385.0
Tottenham – Dortmund,2995.0,,,,3335.0
Tottenham – Man. City,2795.0,4276.0,,3978.0,
Tottenham – Newcastle,2895.0,4548.0,,4266.0,
Tottenham – Arsenal,4595.0,,,,
Tottenham – Crystal Palace,3395.0,4187.0,,4101.0,
Tottenham – Nottingham F.,,,,,
Tottenham – Brighton,3995.0,,,,
Tottenham – Leeds,3795.0,,,,
Tottenham – Everton,3995.0,,,,
West Ham – Aston Villa,3695.0,,,,3755.0
West Ham – Fulham,6195.0,,,,
West Ham – Brighton,4295.0,,,,4275.0
West Ham – Nottingham F.,1695.0,,,,2745.0
West Ham – Sunderland,2195.0,,,,3005.0
West Ham – Man. United,2795.0,4055.0,,3989.0,
West Ham – Bournemouth,2395.0,,,,
West Ham – Man. City,3795.0,,,,
West Ham – Wolverhampton,3095.0,,,,
West Ham – Everton,,,,,
West Ham – Arsenal,4995.0,,,,
West Ham – Leeds,3695.0,,,,
